{
  "schemaVersion": 1,
  "id": "automatic-road",
  "version": "${10.0}",
  "name": "Automatic Road",
  "description": "Intelligent road building assistant",
  "authors": ["bbb"],
  "contact": {
    "homepage": "https://example.com",
    "sources": "https://github.com/yourname/automatic-road"
  },
  "license": "MIT",
  "icon": "assets/automatic-road/icon.png",
  "environment": "client",
  "mixins": [
    "automatic-road.mixins.json"
  ],
  "depends": {
    "fabricloader": ">=0.16.10",
    "fabric-api": "*",
    "fabric-language-kotlin": ">=1.10.10",
    "minecraft": "1.20.1"
  }
}